1	Lamusi A	http://www.bbc.co.uk/sport/olympics/2012/athletes/c3647d26-ba98-42e8-8f56-5d387bd236e6
2	Jamale Aarrass	http://www.bbc.co.uk/sport/olympics/2012/athletes/18defa7f-69ed-4ac1-8a7e-4381527863ce
3	Abdelhak Aatakni	http://www.bbc.co.uk/sport/olympics/2012/athletes/9fadcdf2-6ecf-4967-bad6-b75ee2f613df
4	Maria Abakumova	http://www.bbc.co.uk/sport/olympics/2012/athletes/e54310db-a14b-4b04-95d4-c1d913444cb4
5	Luc Abalo	http://www.bbc.co.uk/sport/olympics/2012/athletes/b42c5640-3498-4ee8-b32b-4a808f9b7c6a
6	Maria Laura Abalo	http://www.bbc.co.uk/sport/olympics/2012/athletes/ce29b00c-82e4-4ddc-91ab-5471cdc3d622
7	Mohamed Abarhoun	http://www.bbc.co.uk/sport/olympics/2012/athletes/86f16a20-ea59-4cbf-9093-afa4d4f97623
8	Emanuele Abate	http://www.bbc.co.uk/sport/olympics/2012/athletes/e51e09d0-2d1c-4322-bed3-a2bf6c28e662
9	Ilyas Abbadi	http://www.bbc.co.uk/sport/olympics/2012/athletes/db2099a4-4564-4aa1-b1a6-2ed5711df55d
10	Sohail Abbas	http://www.bbc.co.uk/sport/olympics/2012/athletes/86600b9e-f474-4e91-bc74-fe1cadc310be
11	Shakeel Abbasi	http://www.bbc.co.uk/sport/olympics/2012/athletes/19ce6de0-e841-4814-bf3e-14d2e35da32f
12	Soulmaz Abbasiazad	http://www.bbc.co.uk/sport/olympics/2012/athletes/509a17d7-84cd-456c-bb83-0e096a4c1715
13	Simona Abbate	http://www.bbc.co.uk/sport/olympics/2012/athletes/1d75d1ed-380e-4458-9859-3f2eb4925da9
14	Ahmed Bekhit	http://www.bbc.co.uk/sport/olympics/2012/athletes/d7666e91-88a4-4985-aebf-b0ed1e9aab52
15	Reem Abdalazem	http://www.bbc.co.uk/sport/olympics/2012/athletes/79b0a7d1-c83e-448d-a72d-7c9000bc0012
16	Mohamed Fawzi	http://www.bbc.co.uk/sport/olympics/2012/athletes/408fa1bb-3ded-4508-96a2-f6c7c0cea020
17	Mohamed Abdel Baki	http://www.bbc.co.uk/sport/olympics/2012/athletes/180d8d00-e5bd-48da-bc41-49740d10e9d4
18	Hesham Abdelaal	http://www.bbc.co.uk/sport/olympics/2012/athletes/7d63fb30-2966-4efc-8493-4b62cddc0d6e
19	Tarek Abdelazim	http://www.bbc.co.uk/sport/olympics/2012/athletes/7c2672d8-4dea-48be-971d-97d64c296b43
20	Shaza Abdelrahman	http://www.bbc.co.uk/sport/olympics/2012/athletes/fef31b19-5943-401a-bb79-2abee7e3a81c
21	Mouni Abderrahim	http://www.bbc.co.uk/sport/olympics/2012/athletes/d7c9dbf0-b16d-444f-981b-20bff79c4ec1
22	Youcef Abdi	http://www.bbc.co.uk/sport/olympics/2012/athletes/8d695a55-53d0-416e-9bde-90366ed2cff6
23	Abdihakem Abdirahman	http://www.bbc.co.uk/sport/olympics/2012/athletes/d79cc9ee-9fa8-48a4-b3c8-871339aa3f31
24	Dana Abdul Razak	http://www.bbc.co.uk/sport/olympics/2012/athletes/5af9e74e-fe5a-49e3-87d5-f9af75a9aedf
25	Magomed Abdulhamidov	http://www.bbc.co.uk/sport/olympics/2012/athletes/438bb142-bc99-409c-9520-29d47f9ec4a9
26	Muminjon Abdullaev	http://www.bbc.co.uk/sport/olympics/2012/athletes/6fb1dae4-e2ff-40cb-8b3c-0220f60990e9
27	Layes Abdullayeva	http://www.bbc.co.uk/sport/olympics/2012/athletes/61fdee99-cb85-4444-9eef-6aafdd4784f8
28	Rasul Abduraim	http://www.bbc.co.uk/sport/olympics/2012/athletes/7249673a-9994-45e0-b967-2d67702fa184
29	Yusup Abdusalomov	http://www.bbc.co.uk/sport/olympics/2012/athletes/8a6cb3a2-bc5d-4128-ab51-8e2320212b82
30	Saeid Morad Abdvali	http://www.bbc.co.uk/sport/olympics/2012/athletes/bf0ebc3b-5930-4329-8a1e-1b0a8f1b37dd
31	Mojtara Abedini Shormasti	http://www.bbc.co.uk/sport/olympics/2012/athletes/0be4b558-1a95-4d96-bf7e-6c2e0eaca085
32	Jennifer Abel	http://www.bbc.co.uk/sport/olympics/2012/athletes/b5016992-198d-4561-aac2-17848439db4b
33	Yaritza Abel Rojas	http://www.bbc.co.uk/sport/olympics/2012/athletes/c6dd72fe-b662-4a03-acc4-8eefd7cc972f
34	Pablo Abian	http://www.bbc.co.uk/sport/olympics/2012/athletes/c6d3bcbf-d3a5-4502-b07c-7fe0c5e60a13
35	Tomomi Abiko	http://www.bbc.co.uk/sport/olympics/2012/athletes/15a70b41-1fc1-4420-8e80-ab4324fd5140
36	Camille Abily	http://www.bbc.co.uk/sport/olympics/2012/athletes/e47ec27e-a2e8-45f6-bb56-c8e9933ea896
37	Endurance Abinuwa	http://www.bbc.co.uk/sport/olympics/2012/athletes/0c3ff81a-7640-49d3-bd50-115ee39ca773
38	Khalil Mahmoud K Abir Abdelrahman	http://www.bbc.co.uk/sport/olympics/2012/athletes/9429860c-b176-4690-91a1-4c39c8075b40
39	Denis Ablyazin	http://www.bbc.co.uk/sport/olympics/2012/athletes/90171740-58e6-4fcf-8d8b-970da81cb01b
40	Bukola Abogunloko	http://www.bbc.co.uk/sport/olympics/2012/athletes/f7473f3a-b703-48cc-94d3-c1045ea8ed5c
41	Aminata Aboubakar Yacoub	http://www.bbc.co.uk/sport/olympics/2012/athletes/f921bcc7-4dcd-4504-9423-d9d3f3837ba2
42	Rabah Aboud	http://www.bbc.co.uk/sport/olympics/2012/athletes/2894bf83-47cb-46e4-a826-7f03b1fe5d16
43	Gabrielle Onguene	http://www.bbc.co.uk/sport/olympics/2012/athletes/a60f34f1-50aa-4994-b7b8-12d4f1fb25eb
44	Alaaeldin Abouelkassem	http://www.bbc.co.uk/sport/olympics/2012/athletes/9253d377-2bae-4e3e-91ad-6d6ee4c28811
45	Abouhalima Abouhalima	http://www.bbc.co.uk/sport/olympics/2012/athletes/0f98ba20-e99f-41a3-afe4-164418dc2445
46	Mohamed Aboutrika	http://www.bbc.co.uk/sport/olympics/2012/athletes/70eb32f1-d509-4269-a11d-d5c797d0ceec
47	Arnaldo Abrantes	http://www.bbc.co.uk/sport/olympics/2012/athletes/cf618729-fcff-4bc8-8d29-4d9e680e0ee9
48	Amir Abrashi	http://www.bbc.co.uk/sport/olympics/2012/athletes/0ed75ac5-5c24-4be3-8e21-5010e6a9eb1c
49	Erika Abril	http://www.bbc.co.uk/sport/olympics/2012/athletes/eabb8f78-f728-4915-83ae-4ee8e5be7347
50	Laura Valentina Abril Restrepo	http://www.bbc.co.uk/sport/olympics/2012/athletes/f9c2bc10-a501-4576-a76a-0c1d8b1fc083
51	Julien Absalon	http://www.bbc.co.uk/sport/olympics/2012/athletes/cbad7214-4789-4a12-a42a-683944a80ba8
52	Ayele Abshero	http://www.bbc.co.uk/sport/olympics/2012/athletes/c129322b-9025-4ad3-a083-69f3caeeca4e
53	Methkal Abu Drais	http://www.bbc.co.uk/sport/olympics/2012/athletes/0373a66d-e8a8-4b48-b266-c32421c6aaa9
54	Maher Abu Rmilah	http://www.bbc.co.uk/sport/olympics/2012/athletes/f13843de-78f0-42c6-9c95-c36f0705a464
55	Mohammad Abulibdeh	http://www.bbc.co.uk/sport/olympics/2012/athletes/e5099855-9a09-4a1a-925c-3bd45607cb56
56	Kanat Abutalipov	http://www.bbc.co.uk/sport/olympics/2012/athletes/cf831ead-e514-4c5b-94ec-45b842abe82a
57	Irina Abysova	http://www.bbc.co.uk/sport/olympics/2012/athletes/00f8e293-48ed-4319-911f-91ca9794c823
58	William Accambray	http://www.bbc.co.uk/sport/olympics/2012/athletes/a44b0753-7f7b-4351-9bd8-7b258821b73b
59	Raidel Acea	http://www.bbc.co.uk/sport/olympics/2012/athletes/b0e6a566-9198-439d-a0dc-972e2813be9a
60	Loreto Achaerandio	http://www.bbc.co.uk/sport/olympics/2012/athletes/d6959ea4-6769-4277-8b09-a63cc951d1c0
61	Kieron Achara	http://www.bbc.co.uk/sport/olympics/2012/athletes/9fba781d-14ce-486f-94da-64ea4bdcd83a
62	Georgios Achilleos	http://www.bbc.co.uk/sport/olympics/2012/athletes/da7a477d-39eb-4d8c-aa11-96816c74d5cd
63	Janet Achola	http://www.bbc.co.uk/sport/olympics/2012/athletes/0e99b31c-866b-4ad3-aa6e-ca083cf9113a
64	Natalie Achonwa	http://www.bbc.co.uk/sport/olympics/2012/athletes/cd66a3aa-6617-4e1b-83aa-804d696c0e62
